game_index,ply,side,san,uci,top1_uci,top1_prob,top2_uci,top2_prob,top3_uci,top3_prob
1,1,W,e4,e2e4,e2e4,0.35353535353535354,a2a4,0.20202020202020202,f2f4,0.1111111111111111
1,2,B,e5,e7e5,,,,,,
1,3,W,b4,b2b4,b2b4,0.16161616161616163,b2b3,0.12121212121212122,g2g4,0.12121212121212122
1,4,B,Bxb4,f8b4,,,,,,
1,5,W,g4,g2g4,g2g4,0.1414141414141414,g2g3,0.12121212121212122,h2h3,0.1111111111111111
1,6,B,Nf6,g8f6,,,,,,
1,7,W,Nh3,g1h3,g1h3,0.10101010101010101,h2h3,0.10101010101010101,c2c4,0.10101010101010101
1,8,B,d5,d7d5,,,,,,
1,9,W,exd5,e4d5,e4d5,0.1414141414141414,h1g1,0.13131313131313133,h3g1,0.06060606060606061
1,10,B,Bxg4,c8g4,,,,,,
1,11,W,Qxg4,d1g4,d1g4,0.23232323232323232,c2c3,0.1111111111111111,h1g1,0.0707070707070707
1,12,B,Nxg4,f6g4,,,,,,
1,13,W,Bb5+,f1b5,f1b5,0.08080808080808081,h1g1,0.0707070707070707,c1a3,0.0707070707070707
1,14,B,c6,c7c6,,,,,,
1,15,W,Bxc6+,b5c6,b5c6,0.15151515151515152,b5f1,0.06060606060606061,b5a6,0.050505050505050504
1,16,B,bxc6,b7c6,,,,,,
1,17,W,Rf1,h1f1,h1f1,0.7373737373737373,e1d1,0.0707070707070707,h3g5,0.010101010101010102
1,18,B,Nxh2,g4h2,,,,,,
1,19,W,f3,f2f3,f2f3,0.8181818181818182,h3g5,0.010101010101010102,h3f4,0.010101010101010102
1,20,B,Qh4+,d8h4,,,,,,
1,21,W,Kd1,e1d1,e1d1,0.494949494949495,h3f2,0.3434343434343434,f1f2,0.16161616161616163
1,22,B,Qxh3,h4h3,,,,,,
1,23,W,c3,c2c3,c2c3,0.8181818181818182,f1f2,0.010101010101010102,f1h1,0.010101010101010102
1,24,B,Qxf1+,h3f1,,,,,,
1,25,W,Kc2,d1c2,d1c2,1.0,,,,
1,26,B,Qg2,f1g2,,,,,,
1,27,W,Kd1,c2d1,c2d1,0.8686868686868687,c2d3,0.010101010101010102,c2b3,0.010101010101010102
1,28,B,Nxf3,h2f3,,,,,,
1,29,W,Na3,b1a3,b1a3,0.8888888888888888,d1c2,0.010101010101010102,c1a3,0.010101010101010102
1,30,B,Qh1+,g2h1,,,,,,
1,31,W,Ke2,d1e2,d1e2,0.5454545454545454,d1c2,0.45454545454545453,,
1,32,B,Qh2+,h1h2,,,,,,
1,33,W,Ke3,e2e3,e2e3,0.6363636363636364,e2d1,0.3333333333333333,e2f3,0.010101010101010102
1,34,B,Qg2,h2g2,,,,,,
1,35,W,Nb1,a3b1,a3b1,0.8686868686868687,e3e4,0.010101010101010102,e3d3,0.010101010101010102
1,36,B,cxd5,c6d5,,,,,,
1,37,W,c4,c3c4,c3c4,0.6666666666666666,e3d3,0.26262626262626265,c1a3,0.010101010101010102
1,38,B,d4+,d5d4,,,,,,
1,39,W,Ke4,e3e4,e3e4,0.98989898989899,e3d3,0.010101010101010102,,
1,40,B,f5+,f7f5,,,,,,
1,41,W,Kd5,e4d5,e4d5,0.98989898989899,e4d3,0.010101010101010102,e4f5,0.0
1,42,B,Ng5+,f3g5,,,,,,
1,43,W,Kxe5,d5e5,d5e5,1.0,,,,
1,44,B,Qe4#,g2e4,,,,,,
2,1,W,e4,e2e4,e2e4,0.35353535353535354,a2a4,0.20202020202020202,f2f4,0.1111111111111111
2,2,B,e5,e7e5,,,,,,
2,3,W,b4,b2b4,b2b4,0.16161616161616163,b2b3,0.12121212121212122,g2g4,0.12121212121212122
2,4,B,Bxb4,f8b4,,,,,,
2,5,W,g4,g2g4,g2g4,0.1414141414141414,g2g3,0.12121212121212122,h2h3,0.1111111111111111
2,6,B,Nf6,g8f6,,,,,,
2,7,W,Nh3,g1h3,g1h3,0.10101010101010101,h2h3,0.10101010101010101,c2c4,0.10101010101010101
2,8,B,d5,d7d5,,,,,,
2,9,W,exd5,e4d5,e4d5,0.1414141414141414,h1g1,0.13131313131313133,h3g1,0.06060606060606061
2,10,B,Bxg4,c8g4,,,,,,
2,11,W,Qxg4,d1g4,d1g4,0.23232323232323232,c2c3,0.1111111111111111,h1g1,0.0707070707070707
2,12,B,Nxg4,f6g4,,,,,,
2,13,W,Bb5+,f1b5,f1b5,0.08080808080808081,h1g1,0.0707070707070707,c1a3,0.0707070707070707
2,14,B,c6,c7c6,,,,,,
2,15,W,Bxc6+,b5c6,b5c6,0.15151515151515152,b5f1,0.06060606060606061,b5a6,0.050505050505050504
2,16,B,bxc6,b7c6,,,,,,
2,17,W,Rf1,h1f1,h1f1,0.7373737373737373,e1d1,0.0707070707070707,h3g5,0.010101010101010102
2,18,B,Nxh2,g4h2,,,,,,
2,19,W,f3,f2f3,f2f3,0.8181818181818182,h3g5,0.010101010101010102,h3f4,0.010101010101010102
2,20,B,Qh4+,d8h4,,,,,,
2,21,W,Kd1,e1d1,e1d1,0.494949494949495,h3f2,0.3434343434343434,f1f2,0.16161616161616163
2,22,B,Qxh3,h4h3,,,,,,
2,23,W,c3,c2c3,c2c3,0.8181818181818182,f1f2,0.010101010101010102,f1h1,0.010101010101010102
2,24,B,Qxf1+,h3f1,,,,,,
2,25,W,Kc2,d1c2,d1c2,1.0,,,,
2,26,B,Qg2,f1g2,,,,,,
2,27,W,Kd1,c2d1,c2d1,0.8686868686868687,c2d3,0.010101010101010102,c2b3,0.010101010101010102
2,28,B,Nxf3,h2f3,,,,,,
2,29,W,Na3,b1a3,b1a3,0.8888888888888888,d1c2,0.010101010101010102,c1a3,0.010101010101010102
2,30,B,Qh1+,g2h1,,,,,,
2,31,W,Ke2,d1e2,d1e2,0.5454545454545454,d1c2,0.45454545454545453,,
2,32,B,Qh2+,h1h2,,,,,,
2,33,W,Ke3,e2e3,e2e3,0.6363636363636364,e2d1,0.3333333333333333,e2f3,0.010101010101010102
2,34,B,Qg2,h2g2,,,,,,
2,35,W,Nb1,a3b1,a3b1,0.8686868686868687,e3e4,0.010101010101010102,e3d3,0.010101010101010102
2,36,B,cxd5,c6d5,,,,,,
2,37,W,c4,c3c4,c3c4,0.6666666666666666,e3d3,0.26262626262626265,c1a3,0.010101010101010102
2,38,B,d4+,d5d4,,,,,,
2,39,W,Ke4,e3e4,e3e4,0.98989898989899,e3d3,0.010101010101010102,,
2,40,B,f5+,f7f5,,,,,,
2,41,W,Kd5,e4d5,e4d5,0.98989898989899,e4d3,0.010101010101010102,e4f5,0.0
2,42,B,Ng5+,f3g5,,,,,,
2,43,W,Kxe5,d5e5,d5e5,1.0,,,,
2,44,B,Qe4#,g2e4,,,,,,
3,1,W,e4,e2e4,e2e4,0.35353535353535354,a2a4,0.20202020202020202,f2f4,0.1111111111111111
3,2,B,e5,e7e5,,,,,,
3,3,W,b4,b2b4,b2b4,0.16161616161616163,b2b3,0.12121212121212122,g2g4,0.12121212121212122
3,4,B,Bxb4,f8b4,,,,,,
3,5,W,g4,g2g4,g2g4,0.1414141414141414,g2g3,0.12121212121212122,h2h3,0.1111111111111111
3,6,B,Nf6,g8f6,,,,,,
3,7,W,Nh3,g1h3,g1h3,0.10101010101010101,h2h3,0.10101010101010101,c2c4,0.10101010101010101
3,8,B,d5,d7d5,,,,,,
3,9,W,exd5,e4d5,e4d5,0.1414141414141414,h1g1,0.13131313131313133,h3g1,0.06060606060606061
3,10,B,Bxg4,c8g4,,,,,,
3,11,W,Qxg4,d1g4,d1g4,0.23232323232323232,c2c3,0.1111111111111111,h1g1,0.0707070707070707
3,12,B,Nxg4,f6g4,,,,,,
3,13,W,Bb5+,f1b5,f1b5,0.08080808080808081,h1g1,0.0707070707070707,c1a3,0.0707070707070707
3,14,B,c6,c7c6,,,,,,
3,15,W,Bxc6+,b5c6,b5c6,0.15151515151515152,b5f1,0.06060606060606061,b5a6,0.050505050505050504
3,16,B,bxc6,b7c6,,,,,,
3,17,W,Rf1,h1f1,h1f1,0.7373737373737373,e1d1,0.0707070707070707,h3g5,0.010101010101010102
3,18,B,Nxh2,g4h2,,,,,,
3,19,W,f3,f2f3,f2f3,0.8181818181818182,h3g5,0.010101010101010102,h3f4,0.010101010101010102
3,20,B,Qh4+,d8h4,,,,,,
3,21,W,Kd1,e1d1,e1d1,0.494949494949495,h3f2,0.3434343434343434,f1f2,0.16161616161616163
3,22,B,Qxh3,h4h3,,,,,,
3,23,W,c3,c2c3,c2c3,0.8181818181818182,f1f2,0.010101010101010102,f1h1,0.010101010101010102
3,24,B,Qxf1+,h3f1,,,,,,
3,25,W,Kc2,d1c2,d1c2,1.0,,,,
3,26,B,Qg2,f1g2,,,,,,
3,27,W,Kd1,c2d1,c2d1,0.8686868686868687,c2d3,0.010101010101010102,c2b3,0.010101010101010102
3,28,B,Nxf3,h2f3,,,,,,
3,29,W,Na3,b1a3,b1a3,0.8888888888888888,d1c2,0.010101010101010102,c1a3,0.010101010101010102
3,30,B,Qh1+,g2h1,,,,,,
3,31,W,Ke2,d1e2,d1e2,0.5454545454545454,d1c2,0.45454545454545453,,
3,32,B,Qh2+,h1h2,,,,,,
3,33,W,Ke3,e2e3,e2e3,0.6363636363636364,e2d1,0.3333333333333333,e2f3,0.010101010101010102
3,34,B,Qg2,h2g2,,,,,,
3,35,W,Nb1,a3b1,a3b1,0.8686868686868687,e3e4,0.010101010101010102,e3d3,0.010101010101010102
3,36,B,cxd5,c6d5,,,,,,
3,37,W,c4,c3c4,c3c4,0.6666666666666666,e3d3,0.26262626262626265,c1a3,0.010101010101010102
3,38,B,d4+,d5d4,,,,,,
3,39,W,Ke4,e3e4,e3e4,0.98989898989899,e3d3,0.010101010101010102,,
3,40,B,f5+,f7f5,,,,,,
3,41,W,Kd5,e4d5,e4d5,0.98989898989899,e4d3,0.010101010101010102,e4f5,0.0
3,42,B,Ng5+,f3g5,,,,,,
3,43,W,Kxe5,d5e5,d5e5,1.0,,,,
3,44,B,Qe4#,g2e4,,,,,,
4,1,W,d3,d2d3,d2d3,0.15151515151515152,b1c3,0.1414141414141414,b1a3,0.13131313131313133
4,2,B,d5,d7d5,,,,,,
4,3,W,a3,a2a3,a2a3,0.2828282828282828,b1a3,0.1919191919191919,g2g3,0.1919191919191919
4,4,B,Nf6,g8f6,,,,,,
4,5,W,Bh6,c1h6,c1h6,0.40404040404040403,g2g3,0.25252525252525254,e1d2,0.1414141414141414
4,6,B,gxh6,g7h6,,,,,,
4,7,W,g3,g2g3,g2g3,0.3939393939393939,b2b3,0.25252525252525254,e1d2,0.1717171717171717
4,8,B,Bg7,f8g7,,,,,,
4,9,W,b3,b2b3,b2b3,0.43434343434343436,e1d2,0.32323232323232326,c2c4,0.04040404040404041
4,10,B,a6,a7a6,,,,,,
4,11,W,e3,e2e3,e2e3,0.4444444444444444,e1d2,0.2222222222222222,h2h3,0.1414141414141414
4,12,B,c5,c7c5,,,,,,
4,13,W,c4,c2c4,c2c4,0.3939393939393939,e1d2,0.24242424242424243,h2h3,0.1111111111111111
4,14,B,Bg4,c8g4,,,,,,
4,15,W,Bg2,f1g2,f1g2,0.1717171717171717,h2h4,0.1717171717171717,d1f3,0.16161616161616163
4,16,B,e6,e7e6,,,,,,
4,17,W,h4,h2h4,h2h4,0.21212121212121213,e1d2,0.1919191919191919,g2f3,0.1717171717171717
4,18,B,Bxd1,g4d1,,,,,,
4,19,W,d4,d3d4,d3d4,0.25252525252525254,h4h5,0.24242424242424243,g2f3,0.20202020202020202
4,20,B,cxd4,c5d4,,,,,,
4,21,W,h5,h4h5,h4h5,0.5757575757575758,g2f3,0.18181818181818182,g2d5,0.010101010101010102
4,22,B,Bxh5,d1h5,,,,,,
4,23,W,Rh4,h1h4,h1h4,0.7373737373737373,g2f1,0.020202020202020204,g2d5,0.010101010101010102
4,24,B,dxe3,d4e3,,,,,,
4,25,W,Rh1,h4h1,h4h1,0.7171717171717171,h4h5,0.010101010101010102,h4g4,0.010101010101010102
4,26,B,exf2+,e3f2,,,,,,
4,27,W,Kd2,e1d2,e1d2,0.5252525252525253,e1f1,0.46464646464646464,e1f2,0.010101010101010102
4,28,B,dxc4+,d5c4,,,,,,
4,29,W,Bd5,g2d5,g2d5,0.47474747474747475,d2c2,0.35353535353535354,d2e3,0.15151515151515152
4,30,B,Qxd5+,d8d5,,,,,,
4,31,W,Kc2,d2c2,d2c2,0.5656565656565656,d2e3,0.41414141414141414,d2c3,0.010101010101010102
4,32,B,Qd3+,d5d3,,,,,,
4,33,W,Kb2,c2b2,c2b2,1.0,c2c1,0.0,,
4,34,B,Ne4+,f6e4,,,,,,
4,35,W,Nc3,b1c3,b1c3,0.40404040404040403,b2a2,0.3333333333333333,b2c1,0.26262626262626265
4,36,B,Qd2+,d3d2,,,,,,
4,37,W,Kb1,b2b1,b2b1,1.0,,,,
4,38,B,Nxc3#,e4c3,,,,,,
5,1,W,e4,e2e4,e2e4,0.3838383838383838,b2b4,0.20202020202020202,b2b3,0.09090909090909091
5,2,B,e5,e7e5,,,,,,
5,3,W,Qg4,d1g4,d1g4,0.3939393939393939,d1f3,0.37373737373737376,d1e2,0.020202020202020204
5,4,B,Nf6,g8f6,,,,,,
5,5,W,Be2,f1e2,f1e2,0.6161616161616161,g4g7,0.010101010101010102,g4d7,0.010101010101010102
5,6,B,Nxg4,f6g4,,,,,,
5,7,W,a3,a2a3,a2a3,0.7373737373737373,e2a6,0.010101010101010102,e2b5,0.010101010101010102
5,8,B,Nxf2,g4f2,,,,,,
5,9,W,Kxf2,e1f2,e1f2,0.7373737373737373,e2c4,0.020202020202020204,e2a6,0.010101010101010102
5,10,B,d5,d7d5,,,,,,
5,11,W,Nf3,g1f3,g1f3,0.6666666666666666,f2e3,0.050505050505050504,f2g3,0.010101010101010102
5,12,B,dxe4,d5e4,,,,,,
5,13,W,d3,d2d3,d2d3,0.6666666666666666,f3g5,0.010101010101010102,f3e5,0.010101010101010102
5,14,B,exf3,e4f3,,,,,,
5,15,W,Rg1,h1g1,h1g1,0.21212121212121213,h2h3,0.1717171717171717,h1e1,0.16161616161616163
5,16,B,Bc5+,f8c5,,,,,,
5,17,W,d4,d3d4,d3d4,0.47474747474747475,f2e1,0.15151515151515152,c1e3,0.15151515151515152
5,18,B,Qxd4+,d8d4,,,,,,
5,19,W,Be3,c1e3,c1e3,0.7676767676767676,f2e1,0.21212121212121213,f2g3,0.010101010101010102
5,20,B,Qxe3+,d4e3,,,,,,
5,21,W,Kf1,f2f1,f2f1,0.6363636363636364,f2g3,0.36363636363636365,f2e1,0.0
5,22,B,Qxg1#,e3g1,,,,,,
6,1,W,e4,e2e4,e2e4,0.24242424242424243,b2b4,0.1717171717171717,b2b3,0.16161616161616163
6,2,B,e5,e7e5,,,,,,
6,3,W,Qg4,d1g4,d1g4,0.29292929292929293,d1f3,0.2727272727272727,d1h5,0.26262626262626265
6,4,B,Nf6,g8f6,,,,,,
6,5,W,Be2,f1e2,f1e2,0.6161616161616161,g4g7,0.010101010101010102,g4d7,0.010101010101010102
6,6,B,Nxg4,f6g4,,,,,,
6,7,W,Kf1,e1f1,e1f1,0.4444444444444444,e2a6,0.30303030303030304,e2b5,0.010101010101010102
6,8,B,Nxf2,g4f2,,,,,,
6,9,W,Bc4,e2c4,e2c4,0.4444444444444444,e2h5,0.25252525252525254,e2a6,0.0707070707070707
6,10,B,Qf6,d8f6,,,,,,
6,11,W,a3,a2a3,a2a3,0.3838383838383838,c4f7,0.1414141414141414,f1e1,0.08080808080808081
6,12,B,Nxh1+,f2h1,,,,,,
6,13,W,Ke2,f1e2,f1e2,0.5151515151515151,f1e1,0.47474747474747475,g1f3,0.010101010101010102
6,14,B,Qf2+,f6f2,,,,,,
6,15,W,Kd1,e2d1,e2d1,0.5151515151515151,e2d3,0.48484848484848486,,
6,16,B,Qxg1+,f2g1,,,,,,
6,17,W,Bf1,c4f1,c4f1,0.6767676767676768,d1e2,0.32323232323232326,,
6,18,B,Qxf1#,g1f1,,,,,,
7,1,W,e4,e2e4,e2e4,0.20202020202020202,b2b3,0.1919191919191919,g2g3,0.16161616161616163
7,2,B,e5,e7e5,,,,,,
7,3,W,Qf3,d1f3,d1f3,0.31313131313131315,d1g4,0.2828282828282828,d1h5,0.2727272727272727
7,4,B,Nf6,g8f6,,,,,,
7,5,W,Qd3,f3d3,f3d3,0.4444444444444444,f3c3,0.2222222222222222,f3f6,0.010101010101010102
7,6,B,Nc6,b8c6,,,,,,
7,7,W,Qf3,d3f3,d3f3,0.5454545454545454,d3e3,0.13131313131313133,d3d7,0.010101010101010102
7,8,B,d5,d7d5,,,,,,
7,9,W,Na3,b1a3,b1a3,0.6262626262626263,f3f6,0.010101010101010102,f3h5,0.010101010101010102
7,10,B,dxe4,d5e4,,,,,,
7,11,W,Qg3,f3g3,f3g3,0.6363636363636364,f3f6,0.010101010101010102,f3h5,0.010101010101010102
7,12,B,Bd6,f8d6,,,,,,
7,13,W,Bd3,f1d3,f1d3,0.6363636363636364,g3g7,0.010101010101010102,g3g6,0.010101010101010102
7,14,B,exd3,e4d3,,,,,,
7,15,W,Rb1,a1b1,a1b1,0.7171717171717171,g3g7,0.010101010101010102,g3g6,0.010101010101010102
7,16,B,e4,e5e4,,,,,,
7,17,W,Kd1,e1d1,e1d1,0.7171717171717171,g3g7,0.010101010101010102,g3g6,0.010101010101010102
7,18,B,Bxg3,d6g3,,,,,,
7,19,W,Ra1,b1a1,b1a1,0.8282828282828283,a3b5,0.010101010101010102,a3c4,0.010101010101010102
7,20,B,dxc2+,d3c2,,,,,,
7,21,W,Ke1,d1e1,d1e1,0.494949494949495,a3c2,0.2727272727272727,d1c2,0.2222222222222222
7,22,B,Bxf2+,g3f2,,,,,,
7,23,W,Kf1,e1f1,e1f1,0.5353535353535354,e1e2,0.46464646464646464,e1f2,0.0
7,24,B,Bh4,f2h4,,,,,,
7,25,W,Rb1,a1b1,a1b1,0.8484848484848485,a3b5,0.010101010101010102,a3c4,0.010101010101010102
7,26,B,cxb1=B,c2b1b,,,,,,
7,27,W,d3,d2d3,d2d3,0.8585858585858586,a3b5,0.010101010101010102,a3c4,0.010101010101010102
7,28,B,Qxd3+,d8d3,,,,,,
7,29,W,Ne2,g1e2,g1e2,1.0,,,,
7,30,B,Qd1#,d3d1,,,,,,
8,1,W,h3,h2h3,h2h3,0.25252525252525254,g1h3,0.15151515151515152,b1a3,0.15151515151515152
8,2,B,e5,e7e5,,,,,,
8,3,W,Rh2,h1h2,h1h2,0.20202020202020202,b1a3,0.20202020202020202,b1c3,0.16161616161616163
8,4,B,Nc6,b8c6,,,,,,
8,5,W,Nc3,b1c3,b1c3,0.2222222222222222,h2h1,0.21212121212121213,b1a3,0.18181818181818182
8,6,B,d5,d7d5,,,,,,
8,7,W,Rb1,a1b1,a1b1,0.41414141414141414,c3e4,0.15151515151515152,h2h1,0.10101010101010101
8,8,B,d4,d5d4,,,,,,
8,9,W,f4,f2f4,f2f4,0.2222222222222222,h2h1,0.20202020202020202,a2a4,0.20202020202020202
8,10,B,dxc3,d4c3,,,,,,
8,11,W,fxe5,f4e5,f4e5,0.5858585858585859,e1f2,0.25252525252525254,h2h1,0.010101010101010102
8,12,B,cxd2+,c3d2,,,,,,
8,13,W,Qxd2,d1d2,d1d2,0.5656565656565656,e1f2,0.43434343434343436,c1d2,0.0
8,14,B,Qh4+,d8h4,,,,,,
8,15,W,g3,g2g3,g2g3,0.98989898989899,e1d1,0.010101010101010102,,
8,16,B,Qxg3+,h4g3,,,,,,
8,17,W,Rf2,h2f2,h2f2,0.98989898989899,e1d1,0.010101010101010102,,
8,18,B,Be6,c8e6,,,,,,
8,19,W,Qf4,d2f4,d2f4,0.7373737373737373,d2d8,0.010101010101010102,d2d7,0.010101010101010102
8,20,B,Qxf4,g3f4,,,,,,
8,21,W,Bxf4,c1f4,c1f4,0.8080808080808081,f2f4,0.010101010101010102,f2f3,0.010101010101010102
8,22,B,Nge7,g8e7,,,,,,
8,23,W,Bg3,f4g3,f4g3,0.7474747474747475,f4h6,0.010101010101010102,f4g5,0.010101010101010102
8,24,B,Ng6,e7g6,,,,,,
8,25,W,a3,a2a3,a2a3,0.7474747474747475,g3h4,0.010101010101010102,g3f4,0.010101010101010102
8,26,B,O-O-O,e8c8,,,,,,
8,27,W,Rc1,b1c1,b1c1,0.7777777777777778,g3h4,0.010101010101010102,g3f4,0.010101010101010102
8,28,B,Be7,f8e7,,,,,,
8,29,W,e4,e2e4,e2e4,0.7777777777777778,g3h4,0.010101010101010102,g3f4,0.010101010101010102
8,30,B,Nf8,g6f8,,,,,,
8,31,W,Bd3,f1d3,f1d3,0.7070707070707071,g3h4,0.010101010101010102,g3f4,0.010101010101010102
8,32,B,h5,h7h5,,,,,,
8,33,W,Bf4,g3f4,g3f4,0.6767676767676768,g3h4,0.010101010101010102,g3h2,0.010101010101010102
8,34,B,Bd7,e6d7,,,,,,
8,35,W,Bd2,f4d2,f4d2,0.6767676767676768,f4h6,0.010101010101010102,f4g5,0.010101010101010102
8,36,B,Be8,d7e8,,,,,,
8,37,W,e6,e5e6,e5e6,0.5151515151515151,f2g2,0.30303030303030304,d3a6,0.010101010101010102
8,38,B,f6,f7f6,,,,,,
8,39,W,e5,e4e5,e4e5,0.5050505050505051,f2g2,0.31313131313131315,d3a6,0.010101010101010102
8,40,B,Nxe6,f8e6,,,,,,
8,41,W,exf6,e5f6,e5f6,0.6464646464646465,d3h7,0.010101010101010102,d3g6,0.010101010101010102
8,42,B,Bxf6,e7f6,,,,,,
8,43,W,Rxf6,f2f6,f2f6,0.6060606060606061,a3a4,0.030303030303030304,d3h7,0.010101010101010102
8,44,B,gxf6,g7f6,,,,,,
8,45,W,h4,h3h4,h3h4,0.696969696969697,d3h7,0.010101010101010102,d3g6,0.010101010101010102
8,46,B,Ne5,c6e5,,,,,,
8,47,W,c4,c2c4,c2c4,0.5757575757575758,a3a4,0.13131313131313133,d3h7,0.010101010101010102
8,48,B,Nxd3+,e5d3,,,,,,
8,49,W,Kf1,e1f1,e1f1,0.5454545454545454,e1d1,0.45454545454545453,e1e2,0.0
8,50,B,Nxc1,d3c1,,,,,,
8,51,W,c5,c4c5,c4c5,0.8181818181818182,d2h6,0.010101010101010102,d2g5,0.010101010101010102
8,52,B,Bb5+,e8b5,,,,,,
8,53,W,Ke1,f1e1,f1e1,0.47474747474747475,f1f2,0.3838383838383838,g1e2,0.13131313131313133
8,54,B,Nd3+,c1d3,,,,,,
8,55,W,Kf1,e1f1,e1f1,0.5555555555555556,e1e2,0.43434343434343436,e1d1,0.010101010101010102
8,56,B,Ndxc5+,d3c5,,,,,,
8,57,W,Ke1,f1e1,f1e1,0.48484848484848486,f1f2,0.40404040404040403,f1g2,0.10101010101010101
8,58,B,Rhe8,h8e8,,,,,,
8,59,W,a4,a3a4,a3a4,0.8484848484848485,d2h6,0.010101010101010102,d2g5,0.010101010101010102
8,60,B,Nf4+,e6f4,,,,,,
8,61,W,Be3,d2e3,d2e3,0.5050505050505051,g1e2,0.47474747474747475,e1f2,0.010101010101010102
8,62,B,Bc6,b5c6,,,,,,
8,63,W,a5,a4a5,a4a5,0.9292929292929293,g1h3,0.010101010101010102,g1f3,0.010101010101010102
8,64,B,Rxe3+,e8e3,,,,,,
8,65,W,Ne2,g1e2,g1e2,0.8484848484848485,e1f1,0.1414141414141414,e1f2,0.010101010101010102
8,66,B,Rxe2+,e3e2,,,,,,
8,67,W,Kf1,e1f1,e1f1,1.0,,,,
8,68,B,Rd1#,d8d1,,,,,,
9,1,W,h3,h2h3,h2h3,0.24242424242424243,g1h3,0.23232323232323232,h2h4,0.15151515151515152
9,2,B,e5,e7e5,,,,,,
9,3,W,c3,c2c3,c2c3,0.15151515151515152,h1h2,0.1414141414141414,b1c3,0.12121212121212122
9,4,B,d5,d7d5,,,,,,
9,5,W,Qb3,d1b3,d1b3,0.4444444444444444,h1h2,0.23232323232323232,d1a4,0.10101010101010101
9,6,B,Nc6,b8c6,,,,,,
9,7,W,Qxb7,b3b7,b3b7,0.5151515151515151,h1h2,0.32323232323232326,b3b6,0.010101010101010102
9,8,B,Bxb7,c8b7,,,,,,
9,9,W,Rh2,h1h2,h1h2,0.3939393939393939,d2d4,0.37373737373737376,f2f4,0.1111111111111111
9,10,B,Nf6,g8f6,,,,,,
9,11,W,d4,d2d4,d2d4,0.40404040404040403,h2h1,0.30303030303030304,b2b4,0.15151515151515152
9,12,B,exd4,e5d4,,,,,,
9,13,W,Bf4,c1f4,c1f4,0.5959595959595959,h2h1,0.1919191919191919,g1f3,0.010101010101010102
9,14,B,Bd6,f8d6,,,,,,
9,15,W,Nd2,b1d2,b1d2,0.6161616161616161,b2b4,0.1414141414141414,f4h6,0.010101010101010102
9,16,B,Bxf4,d6f4,,,,,,
9,17,W,O-O-O,e1c1,e1c1,0.7676767676767676,h2h1,0.010101010101010102,d2e4,0.010101010101010102
9,18,B,Bxd2+,f4d2,,,,,,
9,19,W,Rxd2,d1d2,d1d2,0.3838383838383838,c1c2,0.37373737373737376,c1b1,0.23232323232323232
9,20,B,dxc3,d4c3,,,,,,
9,21,W,a4,a2a4,a2a4,0.7878787878787878,h2h1,0.010101010101010102,d2d5,0.010101010101010102
9,22,B,cxd2+,c3d2,,,,,,
9,23,W,Kb1,c1b1,c1b1,0.3939393939393939,c1c2,0.3434343434343434,c1d1,0.26262626262626265
9,24,B,d1=Q+,d2d1q,,,,,,
9,25,W,Ka2,b1a2,b1a2,1.0,,,,
9,26,B,Nb4+,c6b4,,,,,,
9,27,W,Ka3,a2a3,a2a3,1.0,,,,
9,28,B,Qa1+,d1a1,,,,,,
9,29,W,Kb3,a3b3,a3b3,0.5252525252525253,a3b4,0.47474747474747475,,
9,30,B,Qa2+,a1a2,,,,,,
9,31,W,Kc3,b3c3,b3c3,0.5050505050505051,b3b4,0.494949494949495,,
9,32,B,Ne4+,f6e4,,,,,,
9,33,W,Kd4,c3d4,c3d4,0.5353535353535354,c3b4,0.46464646464646464,,
9,34,B,Qf6+,d8f6,,,,,,
9,35,W,Ke3,d4e3,d4e3,1.0,,,,
9,36,B,d4#,d5d4,,,,,,
10,1,W,h3,h2h3,h2h3,0.25252525252525254,g1h3,0.24242424242424243,h2h4,0.2222222222222222
10,2,B,e5,e7e5,,,,,,
10,3,W,c4,c2c4,c2c4,0.29292929292929293,c2c3,0.21212121212121213,d2d4,0.15151515151515152
10,4,B,Nf6,g8f6,,,,,,
10,5,W,Qb3,d1b3,d1b3,0.3434343434343434,b2b4,0.23232323232323232,d2d4,0.1919191919191919
10,6,B,d5,d7d5,,,,,,
10,7,W,cxd5,c4d5,c4d5,0.494949494949495,d2d4,0.25252525252525254,b3b7,0.010101010101010102
10,8,B,Qxd5,d8d5,,,,,,
10,9,W,d3,d2d3,d2d3,0.26262626262626265,b1c3,0.24242424242424243,d2d4,0.10101010101010101
10,10,B,Qxb3,d5b3,,,,,,
10,11,W,axb3,a2b3,a2b3,0.7878787878787878,h1h2,0.010101010101010102,g1f3,0.010101010101010102
10,12,B,Nc6,b8c6,,,,,,
10,13,W,Ra5,a1a5,a1a5,0.5151515151515151,a1a4,0.36363636363636365,h1h2,0.010101010101010102
10,14,B,Nxa5,c6a5,,,,,,
10,15,W,b4,b3b4,b3b4,0.45454545454545453,b1d2,0.35353535353535354,h1h2,0.010101010101010102
10,16,B,Bxb4+,f8b4,,,,,,
10,17,W,Nd2,b1d2,b1d2,0.36363636363636365,b1c3,0.32323232323232326,c1d2,0.21212121212121213
10,18,B,Bd7,c8d7,,,,,,
10,19,W,Rh2,h1h2,h1h2,0.32323232323232326,b2b3,0.2222222222222222,h3h4,0.09090909090909091
10,20,B,Nb3,a5b3,,,,,,
10,21,W,h4,h3h4,h3h4,0.23232323232323232,h2h1,0.18181818181818182,e2e3,0.1111111111111111
10,22,B,Nxc1,b3c1,,,,,,
10,23,W,Rh3,h2h3,h2h3,0.5555555555555556,e2e3,0.18181818181818182,h2h1,0.15151515151515152
10,24,B,Nb3,c1b3,,,,,,
10,25,W,e3,e2e3,e2e3,0.6363636363636364,e2e4,0.23232323232323232,h3g3,0.010101010101010102
10,26,B,Nxd2,b3d2,,,,,,
10,27,W,Rh2,h3h2,h3h2,0.8383838383838383,h3g3,0.010101010101010102,h3f3,0.010101010101010102
10,28,B,Nf3+,d2f3,,,,,,
10,29,W,Kd1,e1d1,e1d1,0.6363636363636364,e1e2,0.36363636363636365,,
10,30,B,Nxh2,f3h2,,,,,,
10,31,W,g4,g2g4,g2g4,0.8585858585858586,g1h3,0.010101010101010102,g1f3,0.010101010101010102
10,32,B,Nhxg4,h2g4,,,,,,
10,33,W,Bh3,f1h3,f1h3,0.8585858585858586,g1h3,0.010101010101010102,g1f3,0.010101010101010102
10,34,B,Nxf2+,g4f2,,,,,,
10,35,W,Kc1,d1c1,d1c1,0.5252525252525253,d1e2,0.46464646464646464,d1c2,0.010101010101010102
10,36,B,Nxh3,f2h3,,,,,,
10,37,W,Kc2,c1c2,c1c2,0.9090909090909091,g1h3,0.010101010101010102,g1f3,0.010101010101010102
10,38,B,Nxg1,h3g1,,,,,,
10,39,W,e4,e3e4,e3e4,0.9292929292929293,c2b3,0.010101010101010102,c2d1,0.010101010101010102
10,40,B,Ne2,g1e2,,,,,,
10,41,W,h5,h4h5,h4h5,0.9494949494949495,c2b3,0.010101010101010102,c2d1,0.010101010101010102
10,42,B,Nd4+,e2d4,,,,,,
10,43,W,Kb1,c2b1,c2b1,0.5252525252525253,c2c1,0.47474747474747475,c2d1,0.0
10,44,B,h6,h7h6,,,,,,
10,45,W,b3,b2b3,b2b3,0.898989898989899,b1a2,0.08080808080808081,b1c1,0.010101010101010102
10,46,B,Rc8,a8c8,,,,,,
10,47,W,Kb2,b1b2,b1b2,0.7777777777777778,b1a2,0.20202020202020202,b1c1,0.010101010101010102
10,48,B,c6,c7c6,,,,,,
10,49,W,Ka1,b2a1,b2a1,0.6363636363636364,b2c1,0.3434343434343434,b2a2,0.010101010101010102
10,50,B,Bg4,d7g4,,,,,,
10,51,W,Kb2,a1b2,a1b2,0.5454545454545454,a1a2,0.24242424242424243,a1b1,0.21212121212121213
10,52,B,Kd8,e8d8,,,,,,
10,53,W,Ka1,b2a1,b2a1,0.6868686868686869,b2c1,0.29292929292929293,b2a2,0.010101010101010102
10,54,B,Nd7,f6d7,,,,,,
10,55,W,Kb2,a1b2,a1b2,0.5252525252525253,a1a2,0.25252525252525254,a1b1,0.2222222222222222
10,56,B,f6,f7f6,,,,,,
10,57,W,Ka1,b2a1,b2a1,0.6363636363636364,b2c1,0.3434343434343434,b2a2,0.010101010101010102
10,58,B,Bxh5,g4h5,,,,,,
10,59,W,Kb2,a1b2,a1b2,0.5252525252525253,a1a2,0.25252525252525254,a1b1,0.2222222222222222
10,60,B,Bg4,h5g4,,,,,,
10,61,W,Ka1,b2a1,b2a1,0.6060606060606061,b2c1,0.37373737373737376,b2a2,0.010101010101010102
10,62,B,h5,h6h5,,,,,,
10,63,W,Kb2,a1b2,a1b2,0.5151515151515151,a1a2,0.26262626262626265,a1b1,0.2222222222222222
10,64,B,h4,h5h4,,,,,,
10,65,W,Ka1,b2a1,b2a1,0.6262626262626263,b2c1,0.35353535353535354,b2a2,0.010101010101010102
10,66,B,h3,h4h3,,,,,,
10,67,W,Kb2,a1b2,a1b2,0.5353535353535354,a1a2,0.25252525252525254,a1b1,0.21212121212121213
10,68,B,h2,h3h2,,,,,,
10,69,W,Ka1,b2a1,b2a1,0.6363636363636364,b2c1,0.3434343434343434,b2a2,0.010101010101010102
10,70,B,h1=Q+,h2h1q,,,,,,
10,71,W,Kb2,a1b2,a1b2,0.6161616161616161,a1a2,0.3838383838383838,,
10,72,B,Rh2#,h8h2,,,,,,
